Suite/Test/Step Name,Browser,Description,Tag,Start time,End time,Duration,Status
002 -- Create Account - Check Out,Chrome 103.0.5060.114,,,2022-07-12 22:07:45,2022-07-12 22:10:43,2m - 58.264s,FAILED
,,,,,,,
Test Cases/For Test Suites/006 - Open Browser,Chrome 103.0.5060.114,,,2022-07-12 22:07:45,2022-07-12 22:08:05,19.481s,PASSED
"openBrowser("""")",Chrome 103.0.5060.114,,,2022-07-12 22:07:46,2022-07-12 22:07:48,2.617s,PASSED
"navigateToUrl(""https://kotakoki.wijaysali.my.id/"")",Chrome 103.0.5060.114,,,2022-07-12 22:07:48,2022-07-12 22:07:49,0.954s,PASSED
"click(findTestObject(""Object Repository/Create Account/Page_Kotakoki  Welcome to my Website/span_Register Now""))",Chrome 103.0.5060.114,,,2022-07-12 22:07:49,2022-07-12 22:07:51,1.761s,PASSED
"setText(findTestObject(""Object Repository/Create Account/Page_Register Now  Kotakoki/input_Username_user_login-297""), ""jampirojam"")",Chrome 103.0.5060.114,,,2022-07-12 22:07:51,2022-07-12 22:07:52,0.999s,PASSED
"setText(findTestObject(""Object Repository/Create Account/Page_Register Now  Kotakoki/input_E-mail Address_user_email-297""), ""jampirojam@ojam.id"")",Chrome 103.0.5060.114,,,2022-07-12 22:07:52,2022-07-12 22:07:53,0.808s,PASSED
"setText(findTestObject(""Object Repository/Create Account/Page_Register Now  Kotakoki/input_Phone Number_phone_number-297""), ""08987654321"")",Chrome 103.0.5060.114,,,2022-07-12 22:07:53,2022-07-12 22:07:54,0.861s,PASSED
"setEncryptedText(findTestObject(""Object Repository/Create Account/Page_Register Now  Kotakoki/input_Password_user_password-297""), ""6EN5vQ+d8o9WHzALFComCw=="")",Chrome 103.0.5060.114,,,2022-07-12 22:07:54,2022-07-12 22:07:54,0.628s,PASSED
"setEncryptedText(findTestObject(""Object Repository/Create Account/Page_Register Now  Kotakoki/input_Confirm Password_confirm_user_password-297""), ""6EN5vQ+d8o9WHzALFComCw=="")",Chrome 103.0.5060.114,,,2022-07-12 22:07:54,2022-07-12 22:07:55,0.605s,PASSED
"setText(findTestObject(""Object Repository/Create Account/Page_Register Now  Kotakoki/input_Address_Relative_adress-297""), ""Katalona 45, Groovy"")",Chrome 103.0.5060.114,,,2022-07-12 22:07:55,2022-07-12 22:07:56,0.877s,PASSED
"click(findTestObject(""Object Repository/Create Account/Page_Register Now  Kotakoki/input_Only fill in if you are not human_um-_fc91b5""))",Chrome 103.0.5060.114,,,2022-07-12 22:07:56,2022-07-12 22:07:58,1.760s,PASSED
"if (verifyElementPresent(findTestObject(""Object Repository/Create Account/Page_Register Now  Kotakoki/td_UsernameThe username you entered is inco_fe26ce""), 5, CONTINUE_ON_FAILURE))",Chrome 103.0.5060.114,,,2022-07-12 22:07:58,2022-07-12 22:08:03,5.736s,PASSED
"click(findTestObject(""Object Repository/Create Account/Page_Register Now  Kotakoki/input_Only fill in if you are not human_um-_fc91b5""))",Chrome 103.0.5060.114,,,2022-07-12 22:08:03,2022-07-12 22:08:05,1.404s,PASSED
,,,,,,,
Test Cases/For Test Suites/001 - Create Account,Chrome 103.0.5060.114,,,2022-07-12 22:08:05,2022-07-12 22:08:22,17.144s,PASSED
"click(findTestObject(""Object Repository/Create Account/Page_Kotakoki  Welcome to my Website/span_Register Now""))",Chrome 103.0.5060.114,,,2022-07-12 22:08:06,2022-07-12 22:08:07,1.028s,PASSED
"setText(findTestObject(""Object Repository/Create Account/Page_Register Now  Kotakoki/input_Username_user_login-297""), ""jampirojam"")",Chrome 103.0.5060.114,,,2022-07-12 22:08:07,2022-07-12 22:08:08,0.914s,PASSED
"setText(findTestObject(""Object Repository/Create Account/Page_Register Now  Kotakoki/input_E-mail Address_user_email-297""), ""jampirojam@ojam.id"")",Chrome 103.0.5060.114,,,2022-07-12 22:08:08,2022-07-12 22:08:09,0.965s,PASSED
"setText(findTestObject(""Object Repository/Create Account/Page_Register Now  Kotakoki/input_Phone Number_phone_number-297""), ""08987654321"")",Chrome 103.0.5060.114,,,2022-07-12 22:08:09,2022-07-12 22:08:10,0.853s,PASSED
"setEncryptedText(findTestObject(""Object Repository/Create Account/Page_Register Now  Kotakoki/input_Password_user_password-297""), ""6EN5vQ+d8o9WHzALFComCw=="")",Chrome 103.0.5060.114,,,2022-07-12 22:08:10,2022-07-12 22:08:10,0.634s,PASSED
"setEncryptedText(findTestObject(""Object Repository/Create Account/Page_Register Now  Kotakoki/input_Confirm Password_confirm_user_password-297""), ""6EN5vQ+d8o9WHzALFComCw=="")",Chrome 103.0.5060.114,,,2022-07-12 22:08:10,2022-07-12 22:08:11,0.606s,PASSED
"setText(findTestObject(""Object Repository/Create Account/Page_Register Now  Kotakoki/input_Address_Relative_adress-297""), ""Katalona 45, Groovy"")",Chrome 103.0.5060.114,,,2022-07-12 22:08:11,2022-07-12 22:08:12,0.913s,PASSED
"click(findTestObject(""Object Repository/Create Account/Page_Register Now  Kotakoki/input_Only fill in if you are not human_um-_fc91b5""))",Chrome 103.0.5060.114,,,2022-07-12 22:08:12,2022-07-12 22:08:13,1.356s,PASSED
"if (verifyElementPresent(findTestObject(""Object Repository/Create Account/Page_Register Now  Kotakoki/td_UsernameThe username you entered is inco_fe26ce""), 5, CONTINUE_ON_FAILURE))",Chrome 103.0.5060.114,,,2022-07-12 22:08:13,2022-07-12 22:08:20,6.650s,PASSED
"click(findTestObject(""Object Repository/Create Account/Page_Register Now  Kotakoki/input_Only fill in if you are not human_um-_fc91b5""))",Chrome 103.0.5060.114,,,2022-07-12 22:08:20,2022-07-12 22:08:22,2.329s,PASSED
,,,,,,,
Test Cases/For Test Suites/002 - Check Out,Chrome 103.0.5060.114,,,2022-07-12 22:10:08,2022-07-12 22:10:43,34.938s,FAILED
"click(findTestObject(""Object Repository/Check Out/Page_Products  Kotakoki/img_New_attachment-woocommerce_thumbnail si_3f99c3""))",Chrome 103.0.5060.114,,,2022-07-12 22:10:08,2022-07-12 22:10:43,34.914s,FAILED
