Suite/Test/Step Name,Browser,Description,Tag,Start time,End time,Duration,Status
002 -- Create Account - Check Out,Chrome 103.0.5060.114,,,2022-07-12 21:49:27,2022-07-12 21:50:14,47.371s,FAILED
,,,,,,,
Test Cases/For Test Suites/006 - Open Browser,Chrome 103.0.5060.114,,,2022-07-12 21:49:27,2022-07-12 21:49:51,24.047s,PASSED
"openBrowser("""")",Chrome 103.0.5060.114,,,2022-07-12 21:49:28,2022-07-12 21:49:30,2.541s,PASSED
"navigateToUrl(""https://kotakoki.wijaysali.my.id/"")",Chrome 103.0.5060.114,,,2022-07-12 21:49:30,2022-07-12 21:49:36,5.458s,PASSED
"click(findTestObject(""Object Repository/Create Account/Page_Kotakoki  Welcome to my Website/span_Register Now""))",Chrome 103.0.5060.114,,,2022-07-12 21:49:36,2022-07-12 21:49:37,1.130s,PASSED
"setText(findTestObject(""Object Repository/Create Account/Page_Register Now  Kotakoki/input_Username_user_login-297""), ""jampirojam"")",Chrome 103.0.5060.114,,,2022-07-12 21:49:37,2022-07-12 21:49:38,0.957s,PASSED
"setText(findTestObject(""Object Repository/Create Account/Page_Register Now  Kotakoki/input_E-mail Address_user_email-297""), ""jampirojam@ojam.id"")",Chrome 103.0.5060.114,,,2022-07-12 21:49:38,2022-07-12 21:49:39,0.948s,PASSED
"setText(findTestObject(""Object Repository/Create Account/Page_Register Now  Kotakoki/input_Phone Number_phone_number-297""), ""08987654321"")",Chrome 103.0.5060.114,,,2022-07-12 21:49:39,2022-07-12 21:49:40,0.913s,PASSED
"setEncryptedText(findTestObject(""Object Repository/Create Account/Page_Register Now  Kotakoki/input_Password_user_password-297""), ""6EN5vQ+d8o9WHzALFComCw=="")",Chrome 103.0.5060.114,,,2022-07-12 21:49:40,2022-07-12 21:49:40,0.671s,PASSED
"setEncryptedText(findTestObject(""Object Repository/Create Account/Page_Register Now  Kotakoki/input_Confirm Password_confirm_user_password-297""), ""6EN5vQ+d8o9WHzALFComCw=="")",Chrome 103.0.5060.114,,,2022-07-12 21:49:40,2022-07-12 21:49:41,0.592s,PASSED
"setText(findTestObject(""Object Repository/Create Account/Page_Register Now  Kotakoki/input_Address_Relative_adress-297""), ""Katalona 45, Groovy"")",Chrome 103.0.5060.114,,,2022-07-12 21:49:41,2022-07-12 21:49:42,0.869s,PASSED
"click(findTestObject(""Object Repository/Create Account/Page_Register Now  Kotakoki/input_Only fill in if you are not human_um-_fc91b5""))",Chrome 103.0.5060.114,,,2022-07-12 21:49:42,2022-07-12 21:49:44,2.131s,PASSED
"if (verifyElementPresent(findTestObject(""Object Repository/Create Account/Page_Register Now  Kotakoki/td_UsernameThe username you entered is inco_fe26ce""), 5, CONTINUE_ON_FAILURE))",Chrome 103.0.5060.114,,,2022-07-12 21:49:44,2022-07-12 21:49:50,5.720s,PASSED
"click(findTestObject(""Object Repository/Create Account/Page_Register Now  Kotakoki/input_Only fill in if you are not human_um-_fc91b5""))",Chrome 103.0.5060.114,,,2022-07-12 21:49:50,2022-07-12 21:49:51,1.689s,PASSED
,,,,,,,
Test Cases/For Test Suites/001 - Create Account,Chrome 103.0.5060.114,,,2022-07-12 21:49:51,2022-07-12 21:50:07,15.962s,PASSED
"click(findTestObject(""Object Repository/Create Account/Page_Kotakoki  Welcome to my Website/span_Register Now""))",Chrome 103.0.5060.114,,,2022-07-12 21:49:52,2022-07-12 21:49:53,0.960s,PASSED
"setText(findTestObject(""Object Repository/Create Account/Page_Register Now  Kotakoki/input_Username_user_login-297""), ""jampirojam"")",Chrome 103.0.5060.114,,,2022-07-12 21:49:53,2022-07-12 21:49:54,0.934s,PASSED
"setText(findTestObject(""Object Repository/Create Account/Page_Register Now  Kotakoki/input_E-mail Address_user_email-297""), ""jampirojam@ojam.id"")",Chrome 103.0.5060.114,,,2022-07-12 21:49:54,2022-07-12 21:49:55,0.919s,PASSED
"setText(findTestObject(""Object Repository/Create Account/Page_Register Now  Kotakoki/input_Phone Number_phone_number-297""), ""08987654321"")",Chrome 103.0.5060.114,,,2022-07-12 21:49:55,2022-07-12 21:49:56,0.946s,PASSED
"setEncryptedText(findTestObject(""Object Repository/Create Account/Page_Register Now  Kotakoki/input_Password_user_password-297""), ""6EN5vQ+d8o9WHzALFComCw=="")",Chrome 103.0.5060.114,,,2022-07-12 21:49:56,2022-07-12 21:49:57,0.620s,PASSED
"setEncryptedText(findTestObject(""Object Repository/Create Account/Page_Register Now  Kotakoki/input_Confirm Password_confirm_user_password-297""), ""6EN5vQ+d8o9WHzALFComCw=="")",Chrome 103.0.5060.114,,,2022-07-12 21:49:57,2022-07-12 21:49:57,0.633s,PASSED
"setText(findTestObject(""Object Repository/Create Account/Page_Register Now  Kotakoki/input_Address_Relative_adress-297""), ""Katalona 45, Groovy"")",Chrome 103.0.5060.114,,,2022-07-12 21:49:57,2022-07-12 21:49:58,0.927s,PASSED
"click(findTestObject(""Object Repository/Create Account/Page_Register Now  Kotakoki/input_Only fill in if you are not human_um-_fc91b5""))",Chrome 103.0.5060.114,,,2022-07-12 21:49:58,2022-07-12 21:50:00,1.656s,PASSED
"if (verifyElementPresent(findTestObject(""Object Repository/Create Account/Page_Register Now  Kotakoki/td_UsernameThe username you entered is inco_fe26ce""), 5, CONTINUE_ON_FAILURE))",Chrome 103.0.5060.114,,,2022-07-12 21:50:00,2022-07-12 21:50:06,5.717s,PASSED
"click(findTestObject(""Object Repository/Create Account/Page_Register Now  Kotakoki/input_Only fill in if you are not human_um-_fc91b5""))",Chrome 103.0.5060.114,,,2022-07-12 21:50:06,2022-07-12 21:50:07,1.718s,PASSED
,,,,,,,
Test Cases/For Test Suites/002 - Check Out,Chrome 103.0.5060.114,,,2022-07-12 21:50:14,2022-07-12 21:50:14,0.361s,FAILED
"click(findTestObject(""Object Repository/Check Out/Page_Products  Kotakoki/img_New_attachment-woocommerce_thumbnail si_3f99c3""))",Chrome 103.0.5060.114,,,2022-07-12 21:50:14,2022-07-12 21:50:14,0.327s,FAILED
