Suite/Test/Step Name,Browser,Description,Tag,Start time,End time,Duration,Status
002 -- Create Account - Check Out,Chrome 103.0.5060.114,,,2022-07-12 22:12:17,2022-07-12 22:13:45,1m - 27.160s,PASSED
,,,,,,,
Test Cases/For Test Suites/006 - Open Browser,Chrome 103.0.5060.114,,,2022-07-12 22:12:18,2022-07-12 22:12:39,21.495s,PASSED
"openBrowser("""")",Chrome 103.0.5060.114,,,2022-07-12 22:12:18,2022-07-12 22:12:21,2.554s,PASSED
"navigateToUrl(""https://kotakoki.wijaysali.my.id/"")",Chrome 103.0.5060.114,,,2022-07-12 22:12:21,2022-07-12 22:12:23,2.282s,PASSED
"click(findTestObject(""Object Repository/Create Account/Page_Kotakoki  Welcome to my Website/span_Register Now""))",Chrome 103.0.5060.114,,,2022-07-12 22:12:23,2022-07-12 22:12:25,1.942s,PASSED
"setText(findTestObject(""Object Repository/Create Account/Page_Register Now  Kotakoki/input_Username_user_login-297""), ""jampirojam"")",Chrome 103.0.5060.114,,,2022-07-12 22:12:25,2022-07-12 22:12:26,1.000s,PASSED
"setText(findTestObject(""Object Repository/Create Account/Page_Register Now  Kotakoki/input_E-mail Address_user_email-297""), ""jampirojam@ojam.id"")",Chrome 103.0.5060.114,,,2022-07-12 22:12:26,2022-07-12 22:12:27,0.813s,PASSED
"setText(findTestObject(""Object Repository/Create Account/Page_Register Now  Kotakoki/input_Phone Number_phone_number-297""), ""08987654321"")",Chrome 103.0.5060.114,,,2022-07-12 22:12:27,2022-07-12 22:12:27,0.851s,PASSED
"setEncryptedText(findTestObject(""Object Repository/Create Account/Page_Register Now  Kotakoki/input_Password_user_password-297""), ""6EN5vQ+d8o9WHzALFComCw=="")",Chrome 103.0.5060.114,,,2022-07-12 22:12:27,2022-07-12 22:12:28,0.723s,PASSED
"setEncryptedText(findTestObject(""Object Repository/Create Account/Page_Register Now  Kotakoki/input_Confirm Password_confirm_user_password-297""), ""6EN5vQ+d8o9WHzALFComCw=="")",Chrome 103.0.5060.114,,,2022-07-12 22:12:28,2022-07-12 22:12:29,0.631s,PASSED
"setText(findTestObject(""Object Repository/Create Account/Page_Register Now  Kotakoki/input_Address_Relative_adress-297""), ""Katalona 45, Groovy"")",Chrome 103.0.5060.114,,,2022-07-12 22:12:29,2022-07-12 22:12:30,0.909s,PASSED
"click(findTestObject(""Object Repository/Create Account/Page_Register Now  Kotakoki/input_Only fill in if you are not human_um-_fc91b5""))",Chrome 103.0.5060.114,,,2022-07-12 22:12:30,2022-07-12 22:12:32,2.192s,PASSED
"if (verifyElementPresent(findTestObject(""Object Repository/Create Account/Page_Register Now  Kotakoki/td_UsernameThe username you entered is inco_fe26ce""), 5, CONTINUE_ON_FAILURE))",Chrome 103.0.5060.114,,,2022-07-12 22:12:32,2022-07-12 22:12:38,5.798s,PASSED
"click(findTestObject(""Object Repository/Create Account/Page_Register Now  Kotakoki/input_Only fill in if you are not human_um-_fc91b5""))",Chrome 103.0.5060.114,,,2022-07-12 22:12:38,2022-07-12 22:12:39,1.399s,PASSED
,,,,,,,
Test Cases/For Test Suites/001 - Create Account,Chrome 103.0.5060.114,,,2022-07-12 22:12:39,2022-07-12 22:12:56,16.976s,PASSED
"click(findTestObject(""Object Repository/Create Account/Page_Kotakoki  Welcome to my Website/span_Register Now""))",Chrome 103.0.5060.114,,,2022-07-12 22:12:40,2022-07-12 22:12:41,0.820s,PASSED
"setText(findTestObject(""Object Repository/Create Account/Page_Register Now  Kotakoki/input_Username_user_login-297""), ""jampirojam"")",Chrome 103.0.5060.114,,,2022-07-12 22:12:41,2022-07-12 22:12:42,0.923s,PASSED
"setText(findTestObject(""Object Repository/Create Account/Page_Register Now  Kotakoki/input_E-mail Address_user_email-297""), ""jampirojam@ojam.id"")",Chrome 103.0.5060.114,,,2022-07-12 22:12:42,2022-07-12 22:12:43,0.922s,PASSED
"setText(findTestObject(""Object Repository/Create Account/Page_Register Now  Kotakoki/input_Phone Number_phone_number-297""), ""08987654321"")",Chrome 103.0.5060.114,,,2022-07-12 22:12:43,2022-07-12 22:12:44,0.912s,PASSED
"setEncryptedText(findTestObject(""Object Repository/Create Account/Page_Register Now  Kotakoki/input_Password_user_password-297""), ""6EN5vQ+d8o9WHzALFComCw=="")",Chrome 103.0.5060.114,,,2022-07-12 22:12:44,2022-07-12 22:12:44,0.648s,PASSED
"setEncryptedText(findTestObject(""Object Repository/Create Account/Page_Register Now  Kotakoki/input_Confirm Password_confirm_user_password-297""), ""6EN5vQ+d8o9WHzALFComCw=="")",Chrome 103.0.5060.114,,,2022-07-12 22:12:44,2022-07-12 22:12:45,0.601s,PASSED
"setText(findTestObject(""Object Repository/Create Account/Page_Register Now  Kotakoki/input_Address_Relative_adress-297""), ""Katalona 45, Groovy"")",Chrome 103.0.5060.114,,,2022-07-12 22:12:45,2022-07-12 22:12:46,0.975s,PASSED
"click(findTestObject(""Object Repository/Create Account/Page_Register Now  Kotakoki/input_Only fill in if you are not human_um-_fc91b5""))",Chrome 103.0.5060.114,,,2022-07-12 22:12:46,2022-07-12 22:12:47,1.469s,PASSED
"if (verifyElementPresent(findTestObject(""Object Repository/Create Account/Page_Register Now  Kotakoki/td_UsernameThe username you entered is inco_fe26ce""), 5, CONTINUE_ON_FAILURE))",Chrome 103.0.5060.114,,,2022-07-12 22:12:47,2022-07-12 22:12:54,6.493s,PASSED
"click(findTestObject(""Object Repository/Create Account/Page_Register Now  Kotakoki/input_Only fill in if you are not human_um-_fc91b5""))",Chrome 103.0.5060.114,,,2022-07-12 22:12:54,2022-07-12 22:12:56,2.284s,PASSED
,,,,,,,
Test Cases/For Test Suites/002 - Check Out,Chrome 103.0.5060.114,,,2022-07-12 22:12:56,2022-07-12 22:13:45,48.383s,PASSED
"click(findTestObject(""Object Repository/Check Out/Page_Album  Kotakoki/span_Shop""))",Chrome 103.0.5060.114,,,2022-07-12 22:12:57,2022-07-12 22:12:59,1.601s,PASSED
"click(findTestObject(""Object Repository/Check Out/Page_Products  Kotakoki/img_New_attachment-woocommerce_thumbnail si_3f99c3""))",Chrome 103.0.5060.114,,,2022-07-12 22:12:59,2022-07-12 22:13:00,1.592s,PASSED
"click(findTestObject(""Object Repository/Check Out/Page_Album  Kotakoki/button_Add to cart""))",Chrome 103.0.5060.114,,,2022-07-12 22:13:00,2022-07-12 22:13:02,1.379s,PASSED
"click(findTestObject(""Object Repository/Check Out/Page_Album  Kotakoki/span_Shop""))",Chrome 103.0.5060.114,,,2022-07-12 22:13:02,2022-07-12 22:13:04,1.928s,PASSED
"click(findTestObject(""Object Repository/Check Out/Page_Products  Kotakoki/img_New_attachment-woocommerce_thumbnail si_3f99c3""))",Chrome 103.0.5060.114,,,2022-07-12 22:13:04,2022-07-12 22:13:05,1.511s,PASSED
"click(findTestObject(""Object Repository/Check Out/Page_Beanie with Logo  Kotakoki/button_Add to cart""))",Chrome 103.0.5060.114,,,2022-07-12 22:13:05,2022-07-12 22:13:07,1.583s,PASSED
"click(findTestObject(""Object Repository/Check Out/Page_Beanie with Logo  Kotakoki/span_Shop""))",Chrome 103.0.5060.114,,,2022-07-12 22:13:07,2022-07-12 22:13:09,1.920s,PASSED
"click(findTestObject(""Object Repository/Check Out/Page_Products  Kotakoki/img_New_attachment-woocommerce_thumbnail si_3f99c3""))",Chrome 103.0.5060.114,,,2022-07-12 22:13:09,2022-07-12 22:13:10,1.578s,PASSED
"click(findTestObject(""Object Repository/Check Out/Page_Cap  Kotakoki/button_Add to cart""))",Chrome 103.0.5060.114,,,2022-07-12 22:13:10,2022-07-12 22:13:12,1.492s,PASSED
"click(findTestObject(""Object Repository/Check Out/Page_Cap  Kotakoki/i_Rp_thehanger-icons-shopping-bag""))",Chrome 103.0.5060.114,,,2022-07-12 22:13:12,2022-07-12 22:13:16,4.718s,PASSED
"click(findTestObject(""Object Repository/Check Out/Page_Cart  Kotakoki/a_Proceed to checkout""))",Chrome 103.0.5060.114,,,2022-07-12 22:13:16,2022-07-12 22:13:18,1.768s,PASSED
"setText(findTestObject(""Object Repository/Check Out/Page_Checkout  Kotakoki/input__billing_first_name""), ""Aliy"")",Chrome 103.0.5060.114,,,2022-07-12 22:13:18,2022-07-12 22:13:20,1.588s,PASSED
"setText(findTestObject(""Object Repository/Check Out/Page_Checkout  Kotakoki/input__billing_last_name""), ""Aliy"")",Chrome 103.0.5060.114,,,2022-07-12 22:13:20,2022-07-12 22:13:21,0.900s,PASSED
"setText(findTestObject(""Object Repository/Check Out/Page_Checkout  Kotakoki/input_(optional)_billing_company""), ""Aliy Corp"")",Chrome 103.0.5060.114,,,2022-07-12 22:13:21,2022-07-12 22:13:22,0.928s,PASSED
"click(findTestObject(""Object Repository/Check Out/Page_Checkout  Kotakoki/span_Indonesia""))",Chrome 103.0.5060.114,,,2022-07-12 22:13:22,2022-07-12 22:13:22,0.606s,PASSED
"click(findTestObject(""Object Repository/Check Out/Page_Checkout  Kotakoki/div_Checkout    Have a coupon Click here to_b41672""))",Chrome 103.0.5060.114,,,2022-07-12 22:13:22,2022-07-12 22:13:23,0.523s,PASSED
"setText(findTestObject(""Object Repository/Check Out/Page_Checkout  Kotakoki/input__billing_address_1""), ""Katalona 45, Groovy"")",Chrome 103.0.5060.114,,,2022-07-12 22:13:23,2022-07-12 22:13:24,1.337s,PASSED
"setText(findTestObject(""Object Repository/Check Out/Page_Checkout  Kotakoki/input__billing_city""), ""Groovy"")",Chrome 103.0.5060.114,,,2022-07-12 22:13:24,2022-07-12 22:13:25,0.911s,PASSED
"setText(findTestObject(""Object Repository/Check Out/Page_Checkout  Kotakoki/input__billing_address_1""), ""Katalona 45"")",Chrome 103.0.5060.114,,,2022-07-12 22:13:25,2022-07-12 22:13:26,0.904s,PASSED
"setText(findTestObject(""Object Repository/Check Out/Page_Checkout  Kotakoki/input__billing_postcode""), ""6969"")",Chrome 103.0.5060.114,,,2022-07-12 22:13:26,2022-07-12 22:13:27,0.862s,PASSED
"setText(findTestObject(""Object Repository/Check Out/Page_Checkout  Kotakoki/input__billing_phone""), ""089765172112"")",Chrome 103.0.5060.114,,,2022-07-12 22:13:27,2022-07-12 22:13:28,0.938s,PASSED
"click(findTestObject(""Object Repository/Check Out/Page_Checkout  Kotakoki/button_Place order""))",Chrome 103.0.5060.114,,,2022-07-12 22:13:28,2022-07-12 22:13:30,2.091s,PASSED
"click(findTestObject(""Object Repository/Check Out/Page_Checkout woocommerce-xendit-487/button_Klik disini untuk simulasi pembayara_0d60dc""))",Chrome 103.0.5060.114,,,2022-07-12 22:13:30,2022-07-12 22:13:45,14.799s,PASSED
