Suite/Test/Step Name,Browser,Description,Tag,Start time,End time,Duration,Status
001 -- Create Account - Logout,Chrome 103.0.5060.114,,,2022-07-12 21:09:50,2022-07-12 21:10:42,51.931s,PASSED
,,,,,,,
Test Cases/For Test Suites/006 - Open Browser,Chrome 103.0.5060.114,,,2022-07-12 21:09:50,2022-07-12 21:10:14,23.739s,PASSED
"openBrowser("""")",Chrome 103.0.5060.114,,,2022-07-12 21:09:51,2022-07-12 21:09:53,2.871s,PASSED
"navigateToUrl(""https://kotakoki.wijaysali.my.id/"")",Chrome 103.0.5060.114,,,2022-07-12 21:09:53,2022-07-12 21:09:56,3.028s,PASSED
"click(findTestObject(""Object Repository/Create Account/Page_Kotakoki  Welcome to my Website/span_Register Now""))",Chrome 103.0.5060.114,,,2022-07-12 21:09:56,2022-07-12 21:09:59,2.397s,PASSED
"setText(findTestObject(""Object Repository/Create Account/Page_Register Now  Kotakoki/input_Username_user_login-297""), ""jampirojam"")",Chrome 103.0.5060.114,,,2022-07-12 21:09:59,2022-07-12 21:10:00,0.920s,PASSED
"setText(findTestObject(""Object Repository/Create Account/Page_Register Now  Kotakoki/input_E-mail Address_user_email-297""), ""jampirojam@ojam.id"")",Chrome 103.0.5060.114,,,2022-07-12 21:10:00,2022-07-12 21:10:01,0.862s,PASSED
"setText(findTestObject(""Object Repository/Create Account/Page_Register Now  Kotakoki/input_Phone Number_phone_number-297""), ""08987654321"")",Chrome 103.0.5060.114,,,2022-07-12 21:10:01,2022-07-12 21:10:01,0.851s,PASSED
"setEncryptedText(findTestObject(""Object Repository/Create Account/Page_Register Now  Kotakoki/input_Password_user_password-297""), ""6EN5vQ+d8o9WHzALFComCw=="")",Chrome 103.0.5060.114,,,2022-07-12 21:10:01,2022-07-12 21:10:02,0.935s,PASSED
"setEncryptedText(findTestObject(""Object Repository/Create Account/Page_Register Now  Kotakoki/input_Confirm Password_confirm_user_password-297""), ""6EN5vQ+d8o9WHzALFComCw=="")",Chrome 103.0.5060.114,,,2022-07-12 21:10:02,2022-07-12 21:10:03,0.835s,PASSED
"setText(findTestObject(""Object Repository/Create Account/Page_Register Now  Kotakoki/input_Address_Relative_adress-297""), ""Katalona 45, Groovy"")",Chrome 103.0.5060.114,,,2022-07-12 21:10:03,2022-07-12 21:10:04,0.864s,PASSED
"click(findTestObject(""Object Repository/Create Account/Page_Register Now  Kotakoki/input_Only fill in if you are not human_um-_fc91b5""))",Chrome 103.0.5060.114,,,2022-07-12 21:10:04,2022-07-12 21:10:06,1.734s,PASSED
"if (verifyElementPresent(findTestObject(""Object Repository/Create Account/Page_Register Now  Kotakoki/td_UsernameThe username you entered is inco_fe26ce""), 5, CONTINUE_ON_FAILURE))",Chrome 103.0.5060.114,,,2022-07-12 21:10:06,2022-07-12 21:10:12,5.813s,PASSED
"click(findTestObject(""Object Repository/Create Account/Page_Register Now  Kotakoki/input_Only fill in if you are not human_um-_fc91b5""))",Chrome 103.0.5060.114,,,2022-07-12 21:10:12,2022-07-12 21:10:14,2.145s,PASSED
,,,,,,,
Test Cases/For Test Suites/001 - Create Account,Chrome 103.0.5060.114,,,2022-07-12 21:10:14,2022-07-12 21:10:33,18.860s,PASSED
"click(findTestObject(""Object Repository/Create Account/Page_Kotakoki  Welcome to my Website/span_Register Now""))",Chrome 103.0.5060.114,,,2022-07-12 21:10:15,2022-07-12 21:10:16,1.033s,PASSED
"setText(findTestObject(""Object Repository/Create Account/Page_Register Now  Kotakoki/input_Username_user_login-297""), ""jampirojam"")",Chrome 103.0.5060.114,,,2022-07-12 21:10:16,2022-07-12 21:10:17,0.964s,PASSED
"setText(findTestObject(""Object Repository/Create Account/Page_Register Now  Kotakoki/input_E-mail Address_user_email-297""), ""jampirojam@ojam.id"")",Chrome 103.0.5060.114,,,2022-07-12 21:10:17,2022-07-12 21:10:18,0.957s,PASSED
"setText(findTestObject(""Object Repository/Create Account/Page_Register Now  Kotakoki/input_Phone Number_phone_number-297""), ""08987654321"")",Chrome 103.0.5060.114,,,2022-07-12 21:10:18,2022-07-12 21:10:19,0.959s,PASSED
"setEncryptedText(findTestObject(""Object Repository/Create Account/Page_Register Now  Kotakoki/input_Password_user_password-297""), ""6EN5vQ+d8o9WHzALFComCw=="")",Chrome 103.0.5060.114,,,2022-07-12 21:10:19,2022-07-12 21:10:19,0.667s,PASSED
"setEncryptedText(findTestObject(""Object Repository/Create Account/Page_Register Now  Kotakoki/input_Confirm Password_confirm_user_password-297""), ""6EN5vQ+d8o9WHzALFComCw=="")",Chrome 103.0.5060.114,,,2022-07-12 21:10:19,2022-07-12 21:10:20,0.622s,PASSED
"setText(findTestObject(""Object Repository/Create Account/Page_Register Now  Kotakoki/input_Address_Relative_adress-297""), ""Katalona 45, Groovy"")",Chrome 103.0.5060.114,,,2022-07-12 21:10:20,2022-07-12 21:10:21,0.888s,PASSED
"click(findTestObject(""Object Repository/Create Account/Page_Register Now  Kotakoki/input_Only fill in if you are not human_um-_fc91b5""))",Chrome 103.0.5060.114,,,2022-07-12 21:10:21,2022-07-12 21:10:23,1.876s,PASSED
"if (verifyElementPresent(findTestObject(""Object Repository/Create Account/Page_Register Now  Kotakoki/td_UsernameThe username you entered is inco_fe26ce""), 5, CONTINUE_ON_FAILURE))",Chrome 103.0.5060.114,,,2022-07-12 21:10:23,2022-07-12 21:10:29,5.909s,PASSED
"click(findTestObject(""Object Repository/Create Account/Page_Register Now  Kotakoki/input_Only fill in if you are not human_um-_fc91b5""))",Chrome 103.0.5060.114,,,2022-07-12 21:10:29,2022-07-12 21:10:33,3.984s,PASSED
,,,,,,,
Test Cases/For Test Suites/005 - Logout,Chrome 103.0.5060.114,,,2022-07-12 21:10:33,2022-07-12 21:10:40,7.179s,PASSED
"click(findTestObject(""Object Repository/Logout/Page_1randacc6  Kotakoki/a_Log out""))",Chrome 103.0.5060.114,,,2022-07-12 21:10:34,2022-07-12 21:10:37,3.129s,PASSED
"click(findTestObject(""Object Repository/Logout/Page_1randacc6  Kotakoki/a_Logout""))",Chrome 103.0.5060.114,,,2022-07-12 21:10:37,2022-07-12 21:10:40,3.223s,PASSED
,,,,,,,
Test Cases/For Test Suites/007 - Close Browser,Chrome 103.0.5060.114,,,2022-07-12 21:10:40,2022-07-12 21:10:42,1.790s,PASSED
closeBrowser(),Chrome 103.0.5060.114,,,2022-07-12 21:10:41,2022-07-12 21:10:42,0.932s,PASSED
