Suite/Test/Step Name,Browser,Description,Tag,Start time,End time,Duration,Status
005 -- Check Out Only,Chrome 103.0.5060.114,,,2022-07-12 22:35:30,2022-07-12 22:36:47,1m - 17.211s,PASSED
,,,,,,,
Test Cases/For Test Suites/006 - Open Browser,Chrome 103.0.5060.114,,,2022-07-12 22:35:30,2022-07-12 22:35:48,17.455s,PASSED
"openBrowser("""")",Chrome 103.0.5060.114,,,2022-07-12 22:35:31,2022-07-12 22:35:33,2.347s,PASSED
"navigateToUrl(""https://kotakoki.wijaysali.my.id/"")",Chrome 103.0.5060.114,,,2022-07-12 22:35:33,2022-07-12 22:35:34,0.960s,PASSED
"click(findTestObject(""Object Repository/Create Account/Page_Kotakoki  Welcome to my Website/span_Register Now""))",Chrome 103.0.5060.114,,,2022-07-12 22:35:34,2022-07-12 22:35:36,1.893s,PASSED
"setText(findTestObject(""Object Repository/Create Account/Page_Register Now  Kotakoki/input_Username_user_login-297""), ""jampirojam"")",Chrome 103.0.5060.114,,,2022-07-12 22:35:36,2022-07-12 22:35:37,0.901s,PASSED
"setText(findTestObject(""Object Repository/Create Account/Page_Register Now  Kotakoki/input_E-mail Address_user_email-297""), ""jampirojam@ojam.id"")",Chrome 103.0.5060.114,,,2022-07-12 22:35:37,2022-07-12 22:35:38,0.766s,PASSED
"setText(findTestObject(""Object Repository/Create Account/Page_Register Now  Kotakoki/input_Phone Number_phone_number-297""), ""08987654321"")",Chrome 103.0.5060.114,,,2022-07-12 22:35:38,2022-07-12 22:35:38,0.744s,PASSED
"setEncryptedText(findTestObject(""Object Repository/Create Account/Page_Register Now  Kotakoki/input_Password_user_password-297""), ""6EN5vQ+d8o9WHzALFComCw=="")",Chrome 103.0.5060.114,,,2022-07-12 22:35:38,2022-07-12 22:35:39,0.549s,PASSED
"setEncryptedText(findTestObject(""Object Repository/Create Account/Page_Register Now  Kotakoki/input_Confirm Password_confirm_user_password-297""), ""6EN5vQ+d8o9WHzALFComCw=="")",Chrome 103.0.5060.114,,,2022-07-12 22:35:39,2022-07-12 22:35:39,0.496s,PASSED
"setText(findTestObject(""Object Repository/Create Account/Page_Register Now  Kotakoki/input_Address_Relative_adress-297""), ""Katalona 45, Groovy"")",Chrome 103.0.5060.114,,,2022-07-12 22:35:39,2022-07-12 22:35:40,0.735s,PASSED
"click(findTestObject(""Object Repository/Create Account/Page_Register Now  Kotakoki/input_Only fill in if you are not human_um-_fc91b5""))",Chrome 103.0.5060.114,,,2022-07-12 22:35:40,2022-07-12 22:35:41,1.308s,PASSED
"if (verifyElementPresent(findTestObject(""Object Repository/Create Account/Page_Register Now  Kotakoki/td_UsernameThe username you entered is inco_fe26ce""), 5, CONTINUE_ON_FAILURE))",Chrome 103.0.5060.114,,,2022-07-12 22:35:41,2022-07-12 22:35:47,5.048s,PASSED
"click(findTestObject(""Object Repository/Create Account/Page_Register Now  Kotakoki/input_Only fill in if you are not human_um-_fc91b5""))",Chrome 103.0.5060.114,,,2022-07-12 22:35:47,2022-07-12 22:35:48,1.323s,PASSED
,,,,,,,
Test Cases/For Test Suites/002 - Check Out,Chrome 103.0.5060.114,,,2022-07-12 22:35:48,2022-07-12 22:36:47,59.403s,PASSED
"click(findTestObject(""Object Repository/Check Out/Page_Album  Kotakoki/span_Shop""))",Chrome 103.0.5060.114,,,2022-07-12 22:35:48,2022-07-12 22:35:49,0.800s,PASSED
"click(findTestObject(""Object Repository/Check Out/Page_Products  Kotakoki/img_New_attachment-woocommerce_thumbnail si_3f99c3""))",Chrome 103.0.5060.114,,,2022-07-12 22:35:49,2022-07-12 22:35:51,1.496s,PASSED
"click(findTestObject(""Object Repository/Check Out/Page_Album  Kotakoki/button_Add to cart""))",Chrome 103.0.5060.114,,,2022-07-12 22:35:51,2022-07-12 22:35:52,1.571s,PASSED
"click(findTestObject(""Object Repository/Check Out/Page_Album  Kotakoki/span_Shop""))",Chrome 103.0.5060.114,,,2022-07-12 22:35:52,2022-07-12 22:35:54,1.634s,PASSED
"click(findTestObject(""Object Repository/Check Out/Page_Products  Kotakoki/img_New_attachment-woocommerce_thumbnail si_3f99c3""))",Chrome 103.0.5060.114,,,2022-07-12 22:35:54,2022-07-12 22:35:55,0.848s,PASSED
"click(findTestObject(""Object Repository/Check Out/Page_Beanie with Logo  Kotakoki/button_Add to cart""))",Chrome 103.0.5060.114,,,2022-07-12 22:35:55,2022-07-12 22:35:56,1.620s,PASSED
"click(findTestObject(""Object Repository/Check Out/Page_Beanie with Logo  Kotakoki/span_Shop""))",Chrome 103.0.5060.114,,,2022-07-12 22:35:56,2022-07-12 22:35:58,1.192s,PASSED
"click(findTestObject(""Object Repository/Check Out/Page_Products  Kotakoki/img_New_attachment-woocommerce_thumbnail si_3f99c3""))",Chrome 103.0.5060.114,,,2022-07-12 22:35:58,2022-07-12 22:35:58,0.857s,PASSED
"click(findTestObject(""Object Repository/Check Out/Page_Cap  Kotakoki/button_Add to cart""))",Chrome 103.0.5060.114,,,2022-07-12 22:35:58,2022-07-12 22:36:00,1.484s,PASSED
"click(findTestObject(""Object Repository/Check Out/Page_Cap  Kotakoki/i_Rp_thehanger-icons-shopping-bag""))",Chrome 103.0.5060.114,,,2022-07-12 22:36:00,2022-07-12 22:36:02,2.086s,PASSED
"click(findTestObject(""Object Repository/Check Out/Page_Cart  Kotakoki/a_Proceed to checkout""))",Chrome 103.0.5060.114,,,2022-07-12 22:36:02,2022-07-12 22:36:04,1.577s,PASSED
"setText(findTestObject(""Object Repository/Check Out/Page_Checkout  Kotakoki/input__billing_first_name""), ""Aliy"")",Chrome 103.0.5060.114,,,2022-07-12 22:36:04,2022-07-12 22:36:05,1.358s,PASSED
"setText(findTestObject(""Object Repository/Check Out/Page_Checkout  Kotakoki/input__billing_last_name""), ""Aliy"")",Chrome 103.0.5060.114,,,2022-07-12 22:36:05,2022-07-12 22:36:06,0.674s,PASSED
"setText(findTestObject(""Object Repository/Check Out/Page_Checkout  Kotakoki/input_(optional)_billing_company""), ""Aliy Corp"")",Chrome 103.0.5060.114,,,2022-07-12 22:36:06,2022-07-12 22:36:06,0.726s,PASSED
"click(findTestObject(""Object Repository/Check Out/Page_Checkout  Kotakoki/span_Indonesia""))",Chrome 103.0.5060.114,,,2022-07-12 22:36:06,2022-07-12 22:36:07,0.443s,PASSED
"click(findTestObject(""Object Repository/Check Out/Page_Checkout  Kotakoki/div_Checkout    Have a coupon Click here to_b41672""))",Chrome 103.0.5060.114,,,2022-07-12 22:36:07,2022-07-12 22:36:07,0.556s,PASSED
"setText(findTestObject(""Object Repository/Check Out/Page_Checkout  Kotakoki/input__billing_address_1""), ""Katalona 45, Groovy"")",Chrome 103.0.5060.114,,,2022-07-12 22:36:07,2022-07-12 22:36:09,1.235s,PASSED
"setText(findTestObject(""Object Repository/Check Out/Page_Checkout  Kotakoki/input__billing_city""), ""Groovy"")",Chrome 103.0.5060.114,,,2022-07-12 22:36:09,2022-07-12 22:36:09,0.716s,PASSED
"setText(findTestObject(""Object Repository/Check Out/Page_Checkout  Kotakoki/input__billing_address_1""), ""Katalona 45"")",Chrome 103.0.5060.114,,,2022-07-12 22:36:09,2022-07-12 22:36:10,0.720s,PASSED
"setText(findTestObject(""Object Repository/Check Out/Page_Checkout  Kotakoki/input__billing_postcode""), ""6969"")",Chrome 103.0.5060.114,,,2022-07-12 22:36:10,2022-07-12 22:36:11,0.720s,PASSED
"setText(findTestObject(""Object Repository/Check Out/Page_Checkout  Kotakoki/input__billing_phone""), ""089765172112"")",Chrome 103.0.5060.114,,,2022-07-12 22:36:11,2022-07-12 22:36:12,0.859s,PASSED
"click(findTestObject(""Object Repository/Check Out/Page_Checkout  Kotakoki/button_Place order""))",Chrome 103.0.5060.114,,,2022-07-12 22:36:12,2022-07-12 22:36:13,1.864s,PASSED
"click(findTestObject(""Object Repository/Check Out/Page_Checkout woocommerce-xendit-487/button_Klik disini untuk simulasi pembayara_0d60dc""))",Chrome 103.0.5060.114,,,2022-07-12 22:36:13,2022-07-12 22:36:47,33.785s,PASSED
