Suite/Test/Step Name,Browser,Description,Tag,Start time,End time,Duration,Status
004 -- Login - Check Out,Chrome 103.0.5060.114,,,2022-07-12 22:29:09,2022-07-12 22:30:30,1m - 20.854s,PASSED
,,,,,,,
Test Cases/For Test Suites/006 - Open Browser,Chrome 103.0.5060.114,,,2022-07-12 22:29:09,2022-07-12 22:29:26,16.359s,PASSED
"openBrowser("""")",Chrome 103.0.5060.114,,,2022-07-12 22:29:10,2022-07-12 22:29:12,2.245s,PASSED
"navigateToUrl(""https://kotakoki.wijaysali.my.id/"")",Chrome 103.0.5060.114,,,2022-07-12 22:29:12,2022-07-12 22:29:14,1.608s,PASSED
"click(findTestObject(""Object Repository/Create Account/Page_Kotakoki  Welcome to my Website/span_Register Now""))",Chrome 103.0.5060.114,,,2022-07-12 22:29:14,2022-07-12 22:29:14,0.747s,PASSED
"setText(findTestObject(""Object Repository/Create Account/Page_Register Now  Kotakoki/input_Username_user_login-297""), ""jampirojam"")",Chrome 103.0.5060.114,,,2022-07-12 22:29:14,2022-07-12 22:29:15,0.953s,PASSED
"setText(findTestObject(""Object Repository/Create Account/Page_Register Now  Kotakoki/input_E-mail Address_user_email-297""), ""jampirojam@ojam.id"")",Chrome 103.0.5060.114,,,2022-07-12 22:29:15,2022-07-12 22:29:16,0.731s,PASSED
"setText(findTestObject(""Object Repository/Create Account/Page_Register Now  Kotakoki/input_Phone Number_phone_number-297""), ""08987654321"")",Chrome 103.0.5060.114,,,2022-07-12 22:29:16,2022-07-12 22:29:17,0.729s,PASSED
"setEncryptedText(findTestObject(""Object Repository/Create Account/Page_Register Now  Kotakoki/input_Password_user_password-297""), ""6EN5vQ+d8o9WHzALFComCw=="")",Chrome 103.0.5060.114,,,2022-07-12 22:29:17,2022-07-12 22:29:17,0.493s,PASSED
"setEncryptedText(findTestObject(""Object Repository/Create Account/Page_Register Now  Kotakoki/input_Confirm Password_confirm_user_password-297""), ""6EN5vQ+d8o9WHzALFComCw=="")",Chrome 103.0.5060.114,,,2022-07-12 22:29:17,2022-07-12 22:29:18,0.456s,PASSED
"setText(findTestObject(""Object Repository/Create Account/Page_Register Now  Kotakoki/input_Address_Relative_adress-297""), ""Katalona 45, Groovy"")",Chrome 103.0.5060.114,,,2022-07-12 22:29:18,2022-07-12 22:29:18,0.714s,PASSED
"click(findTestObject(""Object Repository/Create Account/Page_Register Now  Kotakoki/input_Only fill in if you are not human_um-_fc91b5""))",Chrome 103.0.5060.114,,,2022-07-12 22:29:18,2022-07-12 22:29:20,1.582s,PASSED
"if (verifyElementPresent(findTestObject(""Object Repository/Create Account/Page_Register Now  Kotakoki/td_UsernameThe username you entered is inco_fe26ce""), 5, CONTINUE_ON_FAILURE))",Chrome 103.0.5060.114,,,2022-07-12 22:29:20,2022-07-12 22:29:24,4.100s,PASSED
"click(findTestObject(""Object Repository/Create Account/Page_Register Now  Kotakoki/input_Only fill in if you are not human_um-_fc91b5""))",Chrome 103.0.5060.114,,,2022-07-12 22:29:24,2022-07-12 22:29:26,1.621s,PASSED
,,,,,,,
Test Cases/For Test Suites/004 - Login,Chrome 103.0.5060.114,,,2022-07-12 22:29:26,2022-07-12 22:29:31,5.380s,PASSED
"click(findTestObject(""Object Repository/Login/Page_Kotakoki  Welcome to my Website/span_Login""))",Chrome 103.0.5060.114,,,2022-07-12 22:29:26,2022-07-12 22:29:27,0.568s,PASSED
"setText(findTestObject(""Object Repository/Login/Page_Login  Kotakoki/input_Username or E-mail_username-298""), ""jampirojam@ojam.id"")",Chrome 103.0.5060.114,,,2022-07-12 22:29:27,2022-07-12 22:29:27,0.936s,PASSED
"setEncryptedText(findTestObject(""Object Repository/Login/Page_Login  Kotakoki/input_Password_user_password-298""), ""Ljp9ziZ+BWOiHHjJfV8jLg=="")",Chrome 103.0.5060.114,,,2022-07-12 22:29:27,2022-07-12 22:29:28,0.406s,PASSED
"click(findTestObject(""Object Repository/Login/Page_Login  Kotakoki/input_Keep me signed in_um-submit-btn""))",Chrome 103.0.5060.114,,,2022-07-12 22:29:28,2022-07-12 22:29:31,3.157s,PASSED
,,,,,,,
Test Cases/For Test Suites/002 - Check Out,Chrome 103.0.5060.114,,,2022-07-12 22:29:31,2022-07-12 22:30:30,58.852s,PASSED
"click(findTestObject(""Object Repository/Check Out/Page_Album  Kotakoki/span_Shop""))",Chrome 103.0.5060.114,,,2022-07-12 22:29:31,2022-07-12 22:29:32,0.726s,PASSED
"click(findTestObject(""Object Repository/Check Out/Page_Products  Kotakoki/img_New_attachment-woocommerce_thumbnail si_3f99c3""))",Chrome 103.0.5060.114,,,2022-07-12 22:29:32,2022-07-12 22:29:33,0.894s,PASSED
"click(findTestObject(""Object Repository/Check Out/Page_Album  Kotakoki/button_Add to cart""))",Chrome 103.0.5060.114,,,2022-07-12 22:29:33,2022-07-12 22:29:34,1.396s,PASSED
"click(findTestObject(""Object Repository/Check Out/Page_Album  Kotakoki/span_Shop""))",Chrome 103.0.5060.114,,,2022-07-12 22:29:34,2022-07-12 22:29:36,1.517s,PASSED
"click(findTestObject(""Object Repository/Check Out/Page_Products  Kotakoki/img_New_attachment-woocommerce_thumbnail si_3f99c3""))",Chrome 103.0.5060.114,,,2022-07-12 22:29:36,2022-07-12 22:29:37,0.867s,PASSED
"click(findTestObject(""Object Repository/Check Out/Page_Beanie with Logo  Kotakoki/button_Add to cart""))",Chrome 103.0.5060.114,,,2022-07-12 22:29:37,2022-07-12 22:29:38,1.583s,PASSED
"click(findTestObject(""Object Repository/Check Out/Page_Beanie with Logo  Kotakoki/span_Shop""))",Chrome 103.0.5060.114,,,2022-07-12 22:29:38,2022-07-12 22:29:40,1.215s,PASSED
"click(findTestObject(""Object Repository/Check Out/Page_Products  Kotakoki/img_New_attachment-woocommerce_thumbnail si_3f99c3""))",Chrome 103.0.5060.114,,,2022-07-12 22:29:40,2022-07-12 22:29:40,0.823s,PASSED
"click(findTestObject(""Object Repository/Check Out/Page_Cap  Kotakoki/button_Add to cart""))",Chrome 103.0.5060.114,,,2022-07-12 22:29:40,2022-07-12 22:29:42,1.459s,PASSED
"click(findTestObject(""Object Repository/Check Out/Page_Cap  Kotakoki/i_Rp_thehanger-icons-shopping-bag""))",Chrome 103.0.5060.114,,,2022-07-12 22:29:42,2022-07-12 22:29:44,1.912s,PASSED
"click(findTestObject(""Object Repository/Check Out/Page_Cart  Kotakoki/a_Proceed to checkout""))",Chrome 103.0.5060.114,,,2022-07-12 22:29:44,2022-07-12 22:29:45,1.601s,PASSED
"setText(findTestObject(""Object Repository/Check Out/Page_Checkout  Kotakoki/input__billing_first_name""), ""Aliy"")",Chrome 103.0.5060.114,,,2022-07-12 22:29:45,2022-07-12 22:29:47,1.273s,PASSED
"setText(findTestObject(""Object Repository/Check Out/Page_Checkout  Kotakoki/input__billing_last_name""), ""Aliy"")",Chrome 103.0.5060.114,,,2022-07-12 22:29:47,2022-07-12 22:29:47,0.678s,PASSED
"setText(findTestObject(""Object Repository/Check Out/Page_Checkout  Kotakoki/input_(optional)_billing_company""), ""Aliy Corp"")",Chrome 103.0.5060.114,,,2022-07-12 22:29:47,2022-07-12 22:29:48,0.701s,PASSED
"click(findTestObject(""Object Repository/Check Out/Page_Checkout  Kotakoki/span_Indonesia""))",Chrome 103.0.5060.114,,,2022-07-12 22:29:48,2022-07-12 22:29:49,0.427s,PASSED
"click(findTestObject(""Object Repository/Check Out/Page_Checkout  Kotakoki/div_Checkout    Have a coupon Click here to_b41672""))",Chrome 103.0.5060.114,,,2022-07-12 22:29:49,2022-07-12 22:29:49,0.510s,PASSED
"setText(findTestObject(""Object Repository/Check Out/Page_Checkout  Kotakoki/input__billing_address_1""), ""Katalona 45, Groovy"")",Chrome 103.0.5060.114,,,2022-07-12 22:29:49,2022-07-12 22:29:50,1.249s,PASSED
"setText(findTestObject(""Object Repository/Check Out/Page_Checkout  Kotakoki/input__billing_city""), ""Groovy"")",Chrome 103.0.5060.114,,,2022-07-12 22:29:50,2022-07-12 22:29:51,0.695s,PASSED
"setText(findTestObject(""Object Repository/Check Out/Page_Checkout  Kotakoki/input__billing_address_1""), ""Katalona 45"")",Chrome 103.0.5060.114,,,2022-07-12 22:29:51,2022-07-12 22:29:52,0.720s,PASSED
"setText(findTestObject(""Object Repository/Check Out/Page_Checkout  Kotakoki/input__billing_postcode""), ""6969"")",Chrome 103.0.5060.114,,,2022-07-12 22:29:52,2022-07-12 22:29:52,0.778s,PASSED
"setText(findTestObject(""Object Repository/Check Out/Page_Checkout  Kotakoki/input__billing_phone""), ""089765172112"")",Chrome 103.0.5060.114,,,2022-07-12 22:29:52,2022-07-12 22:29:53,0.766s,PASSED
"click(findTestObject(""Object Repository/Check Out/Page_Checkout  Kotakoki/button_Place order""))",Chrome 103.0.5060.114,,,2022-07-12 22:29:53,2022-07-12 22:29:55,1.638s,PASSED
"click(findTestObject(""Object Repository/Check Out/Page_Checkout woocommerce-xendit-487/button_Klik disini untuk simulasi pembayara_0d60dc""))",Chrome 103.0.5060.114,,,2022-07-12 22:29:55,2022-07-12 22:30:30,35.001s,PASSED
