Suite/Test/Step Name,Browser,Description,Tag,Start time,End time,Duration,Status
001 -- Create Account - Logout,Chrome 103.0.5060.114,,,2022-07-12 21:16:45,2022-07-12 21:21:52,5m - 7.579s,FAILED
,,,,,,,
Test Cases/For Test Suites/006 - Open Browser,Chrome 103.0.5060.114,,,2022-07-12 21:16:45,2022-07-12 21:17:11,26.097s,PASSED
"openBrowser("""")",Chrome 103.0.5060.114,,,2022-07-12 21:16:45,2022-07-12 21:16:48,2.490s,PASSED
"navigateToUrl(""https://kotakoki.wijaysali.my.id/"")",Chrome 103.0.5060.114,,,2022-07-12 21:16:48,2022-07-12 21:16:54,6.338s,PASSED
"click(findTestObject(""Object Repository/Create Account/Page_Kotakoki  Welcome to my Website/span_Register Now""))",Chrome 103.0.5060.114,,,2022-07-12 21:16:54,2022-07-12 21:16:56,1.562s,PASSED
"setText(findTestObject(""Object Repository/Create Account/Page_Register Now  Kotakoki/input_Username_user_login-297""), ""jampirojam"")",Chrome 103.0.5060.114,,,2022-07-12 21:16:56,2022-07-12 21:16:57,1.013s,PASSED
"setText(findTestObject(""Object Repository/Create Account/Page_Register Now  Kotakoki/input_E-mail Address_user_email-297""), ""jampirojam@ojam.id"")",Chrome 103.0.5060.114,,,2022-07-12 21:16:57,2022-07-12 21:16:58,0.883s,PASSED
"setText(findTestObject(""Object Repository/Create Account/Page_Register Now  Kotakoki/input_Phone Number_phone_number-297""), ""08987654321"")",Chrome 103.0.5060.114,,,2022-07-12 21:16:58,2022-07-12 21:16:59,0.830s,PASSED
"setEncryptedText(findTestObject(""Object Repository/Create Account/Page_Register Now  Kotakoki/input_Password_user_password-297""), ""6EN5vQ+d8o9WHzALFComCw=="")",Chrome 103.0.5060.114,,,2022-07-12 21:16:59,2022-07-12 21:16:59,0.742s,PASSED
"setEncryptedText(findTestObject(""Object Repository/Create Account/Page_Register Now  Kotakoki/input_Confirm Password_confirm_user_password-297""), ""6EN5vQ+d8o9WHzALFComCw=="")",Chrome 103.0.5060.114,,,2022-07-12 21:16:59,2022-07-12 21:17:00,0.633s,PASSED
"setText(findTestObject(""Object Repository/Create Account/Page_Register Now  Kotakoki/input_Address_Relative_adress-297""), ""Katalona 45, Groovy"")",Chrome 103.0.5060.114,,,2022-07-12 21:17:00,2022-07-12 21:17:01,0.939s,PASSED
"click(findTestObject(""Object Repository/Create Account/Page_Register Now  Kotakoki/input_Only fill in if you are not human_um-_fc91b5""))",Chrome 103.0.5060.114,,,2022-07-12 21:17:01,2022-07-12 21:17:03,1.791s,PASSED
"if (verifyElementPresent(findTestObject(""Object Repository/Create Account/Page_Register Now  Kotakoki/td_UsernameThe username you entered is inco_fe26ce""), 5, CONTINUE_ON_FAILURE))",Chrome 103.0.5060.114,,,2022-07-12 21:17:03,2022-07-12 21:17:08,5.692s,PASSED
"click(findTestObject(""Object Repository/Create Account/Page_Register Now  Kotakoki/input_Only fill in if you are not human_um-_fc91b5""))",Chrome 103.0.5060.114,,,2022-07-12 21:17:08,2022-07-12 21:17:11,2.762s,PASSED
,,,,,,,
Test Cases/For Test Suites/001 - Create Account,Chrome 103.0.5060.114,,,2022-07-12 21:20:38,2022-07-12 21:21:44,1m - 6.056s,FAILED
"click(findTestObject(""Object Repository/Create Account/Page_Kotakoki  Welcome to my Website/span_Register Now""))",Chrome 103.0.5060.114,,,2022-07-12 21:20:38,2022-07-12 21:21:12,34.323s,PASSED
"setText(findTestObject(""Object Repository/Create Account/Page_Register Now  Kotakoki/input_Username_user_login-297""), ""jampirojam"")",Chrome 103.0.5060.114,,,2022-07-12 21:21:12,2022-07-12 21:21:44,31.715s,FAILED
,,,,,,,
Test Cases/For Test Suites/005 - Logout,Chrome 103.0.5060.114,,,2022-07-12 21:21:44,2022-07-12 21:21:52,8.150s,PASSED
"click(findTestObject(""Object Repository/Logout/Page_1randacc6  Kotakoki/a_Log out""))",Chrome 103.0.5060.114,,,2022-07-12 21:21:45,2022-07-12 21:21:49,3.821s,PASSED
"click(findTestObject(""Object Repository/Logout/Page_1randacc6  Kotakoki/a_Logout""))",Chrome 103.0.5060.114,,,2022-07-12 21:21:49,2022-07-12 21:21:52,3.383s,PASSED
