Suite/Test/Step Name,Browser,Description,Tag,Start time,End time,Duration,Status
003 -- Login - Logout,Chrome 103.0.5060.114,,,2022-07-12 22:18:52,2022-07-12 22:22:09,3m - 17.132s,FAILED
,,,,,,,
Test Cases/For Test Suites/006 - Open Browser,Chrome 103.0.5060.114,,,2022-07-12 22:18:52,2022-07-12 22:19:14,21.750s,PASSED
"openBrowser("""")",Chrome 103.0.5060.114,,,2022-07-12 22:18:52,2022-07-12 22:18:55,2.583s,PASSED
"navigateToUrl(""https://kotakoki.wijaysali.my.id/"")",Chrome 103.0.5060.114,,,2022-07-12 22:18:55,2022-07-12 22:18:57,1.671s,PASSED
"click(findTestObject(""Object Repository/Create Account/Page_Kotakoki  Welcome to my Website/span_Register Now""))",Chrome 103.0.5060.114,,,2022-07-12 22:18:57,2022-07-12 22:18:59,2.143s,PASSED
"setText(findTestObject(""Object Repository/Create Account/Page_Register Now  Kotakoki/input_Username_user_login-297""), ""jampirojam"")",Chrome 103.0.5060.114,,,2022-07-12 22:18:59,2022-07-12 22:19:00,0.947s,PASSED
"setText(findTestObject(""Object Repository/Create Account/Page_Register Now  Kotakoki/input_E-mail Address_user_email-297""), ""jampirojam@ojam.id"")",Chrome 103.0.5060.114,,,2022-07-12 22:19:00,2022-07-12 22:19:01,0.960s,PASSED
"setText(findTestObject(""Object Repository/Create Account/Page_Register Now  Kotakoki/input_Phone Number_phone_number-297""), ""08987654321"")",Chrome 103.0.5060.114,,,2022-07-12 22:19:01,2022-07-12 22:19:02,0.934s,PASSED
"setEncryptedText(findTestObject(""Object Repository/Create Account/Page_Register Now  Kotakoki/input_Password_user_password-297""), ""6EN5vQ+d8o9WHzALFComCw=="")",Chrome 103.0.5060.114,,,2022-07-12 22:19:02,2022-07-12 22:19:02,0.751s,PASSED
"setEncryptedText(findTestObject(""Object Repository/Create Account/Page_Register Now  Kotakoki/input_Confirm Password_confirm_user_password-297""), ""6EN5vQ+d8o9WHzALFComCw=="")",Chrome 103.0.5060.114,,,2022-07-12 22:19:02,2022-07-12 22:19:03,0.577s,PASSED
"setText(findTestObject(""Object Repository/Create Account/Page_Register Now  Kotakoki/input_Address_Relative_adress-297""), ""Katalona 45, Groovy"")",Chrome 103.0.5060.114,,,2022-07-12 22:19:03,2022-07-12 22:19:04,0.853s,PASSED
"click(findTestObject(""Object Repository/Create Account/Page_Register Now  Kotakoki/input_Only fill in if you are not human_um-_fc91b5""))",Chrome 103.0.5060.114,,,2022-07-12 22:19:04,2022-07-12 22:19:06,2.646s,PASSED
"if (verifyElementPresent(findTestObject(""Object Repository/Create Account/Page_Register Now  Kotakoki/td_UsernameThe username you entered is inco_fe26ce""), 5, CONTINUE_ON_FAILURE))",Chrome 103.0.5060.114,,,2022-07-12 22:19:06,2022-07-12 22:19:12,5.782s,PASSED
"click(findTestObject(""Object Repository/Create Account/Page_Register Now  Kotakoki/input_Only fill in if you are not human_um-_fc91b5""))",Chrome 103.0.5060.114,,,2022-07-12 22:19:12,2022-07-12 22:19:14,1.462s,PASSED
,,,,,,,
Test Cases/For Test Suites/004 - Login,Chrome 103.0.5060.114,,,2022-07-12 22:19:14,2022-07-12 22:19:19,5.829s,PASSED
"click(findTestObject(""Object Repository/Login/Page_Kotakoki  Welcome to my Website/span_Login""))",Chrome 103.0.5060.114,,,2022-07-12 22:19:15,2022-07-12 22:19:16,1.120s,PASSED
"setText(findTestObject(""Object Repository/Login/Page_Login  Kotakoki/input_Username or E-mail_username-298""), ""jampirojam@ojam.id"")",Chrome 103.0.5060.114,,,2022-07-12 22:19:16,2022-07-12 22:19:17,0.896s,PASSED
"setEncryptedText(findTestObject(""Object Repository/Login/Page_Login  Kotakoki/input_Password_user_password-298""), ""Ljp9ziZ+BWOiHHjJfV8jLg=="")",Chrome 103.0.5060.114,,,2022-07-12 22:19:17,2022-07-12 22:19:17,0.621s,PASSED
"click(findTestObject(""Object Repository/Login/Page_Login  Kotakoki/input_Keep me signed in_um-submit-btn""))",Chrome 103.0.5060.114,,,2022-07-12 22:19:17,2022-07-12 22:19:19,2.268s,PASSED
,,,,,,,
Test Cases/For Test Suites/005 - Logout,Chrome 103.0.5060.114,,,2022-07-12 22:21:32,2022-07-12 22:22:09,36.777s,FAILED
"click(findTestObject(""Object Repository/Logout/Page_1randacc6  Kotakoki/a_Log out""))",Chrome 103.0.5060.114,,,2022-07-12 22:21:32,2022-07-12 22:22:09,36.753s,FAILED
