Suite/Test/Step Name,Browser,Description,Tag,Start time,End time,Duration,Status
001 -- Create Account - Logout,Chrome 103.0.5060.114,,,2022-07-12 21:14:39,2022-07-12 21:15:22,43.042s,FAILED
,,,,,,,
Test Cases/For Test Suites/006 - Open Browser,Chrome 103.0.5060.114,,,2022-07-12 21:14:39,2022-07-12 21:15:01,22.085s,PASSED
"openBrowser("""")",Chrome 103.0.5060.114,,,2022-07-12 21:14:40,2022-07-12 21:14:42,2.494s,PASSED
"navigateToUrl(""https://kotakoki.wijaysali.my.id/"")",Chrome 103.0.5060.114,,,2022-07-12 21:14:42,2022-07-12 21:14:45,3.186s,PASSED
"click(findTestObject(""Object Repository/Create Account/Page_Kotakoki  Welcome to my Website/span_Register Now""))",Chrome 103.0.5060.114,,,2022-07-12 21:14:45,2022-07-12 21:14:46,0.863s,PASSED
"setText(findTestObject(""Object Repository/Create Account/Page_Register Now  Kotakoki/input_Username_user_login-297""), ""jampirojam"")",Chrome 103.0.5060.114,,,2022-07-12 21:14:46,2022-07-12 21:14:47,1.031s,PASSED
"setText(findTestObject(""Object Repository/Create Account/Page_Register Now  Kotakoki/input_E-mail Address_user_email-297""), ""jampirojam@ojam.id"")",Chrome 103.0.5060.114,,,2022-07-12 21:14:47,2022-07-12 21:14:48,0.936s,PASSED
"setText(findTestObject(""Object Repository/Create Account/Page_Register Now  Kotakoki/input_Phone Number_phone_number-297""), ""08987654321"")",Chrome 103.0.5060.114,,,2022-07-12 21:14:48,2022-07-12 21:14:49,0.902s,PASSED
"setEncryptedText(findTestObject(""Object Repository/Create Account/Page_Register Now  Kotakoki/input_Password_user_password-297""), ""6EN5vQ+d8o9WHzALFComCw=="")",Chrome 103.0.5060.114,,,2022-07-12 21:14:49,2022-07-12 21:14:50,0.689s,PASSED
"setEncryptedText(findTestObject(""Object Repository/Create Account/Page_Register Now  Kotakoki/input_Confirm Password_confirm_user_password-297""), ""6EN5vQ+d8o9WHzALFComCw=="")",Chrome 103.0.5060.114,,,2022-07-12 21:14:50,2022-07-12 21:14:50,0.622s,PASSED
"setText(findTestObject(""Object Repository/Create Account/Page_Register Now  Kotakoki/input_Address_Relative_adress-297""), ""Katalona 45, Groovy"")",Chrome 103.0.5060.114,,,2022-07-12 21:14:50,2022-07-12 21:14:51,0.846s,PASSED
"click(findTestObject(""Object Repository/Create Account/Page_Register Now  Kotakoki/input_Only fill in if you are not human_um-_fc91b5""))",Chrome 103.0.5060.114,,,2022-07-12 21:14:51,2022-07-12 21:14:54,2.522s,PASSED
"if (verifyElementPresent(findTestObject(""Object Repository/Create Account/Page_Register Now  Kotakoki/td_UsernameThe username you entered is inco_fe26ce""), 5, CONTINUE_ON_FAILURE))",Chrome 103.0.5060.114,,,2022-07-12 21:14:54,2022-07-12 21:15:00,5.777s,PASSED
"click(findTestObject(""Object Repository/Create Account/Page_Register Now  Kotakoki/input_Only fill in if you are not human_um-_fc91b5""))",Chrome 103.0.5060.114,,,2022-07-12 21:15:00,2022-07-12 21:15:01,1.811s,PASSED
,,,,,,,
Test Cases/For Test Suites/001 - Create Account,Chrome 103.0.5060.114,,,2022-07-12 21:15:01,2022-07-12 21:15:18,16.735s,PASSED
"click(findTestObject(""Object Repository/Create Account/Page_Kotakoki  Welcome to my Website/span_Register Now""))",Chrome 103.0.5060.114,,,2022-07-12 21:15:02,2022-07-12 21:15:04,1.310s,PASSED
"setText(findTestObject(""Object Repository/Create Account/Page_Register Now  Kotakoki/input_Username_user_login-297""), ""jampirojam"")",Chrome 103.0.5060.114,,,2022-07-12 21:15:04,2022-07-12 21:15:05,0.950s,PASSED
"setText(findTestObject(""Object Repository/Create Account/Page_Register Now  Kotakoki/input_E-mail Address_user_email-297""), ""jampirojam@ojam.id"")",Chrome 103.0.5060.114,,,2022-07-12 21:15:05,2022-07-12 21:15:06,0.946s,PASSED
"setText(findTestObject(""Object Repository/Create Account/Page_Register Now  Kotakoki/input_Phone Number_phone_number-297""), ""08987654321"")",Chrome 103.0.5060.114,,,2022-07-12 21:15:06,2022-07-12 21:15:07,0.892s,PASSED
"setEncryptedText(findTestObject(""Object Repository/Create Account/Page_Register Now  Kotakoki/input_Password_user_password-297""), ""6EN5vQ+d8o9WHzALFComCw=="")",Chrome 103.0.5060.114,,,2022-07-12 21:15:07,2022-07-12 21:15:07,0.624s,PASSED
"setEncryptedText(findTestObject(""Object Repository/Create Account/Page_Register Now  Kotakoki/input_Confirm Password_confirm_user_password-297""), ""6EN5vQ+d8o9WHzALFComCw=="")",Chrome 103.0.5060.114,,,2022-07-12 21:15:07,2022-07-12 21:15:08,0.665s,PASSED
"setText(findTestObject(""Object Repository/Create Account/Page_Register Now  Kotakoki/input_Address_Relative_adress-297""), ""Katalona 45, Groovy"")",Chrome 103.0.5060.114,,,2022-07-12 21:15:08,2022-07-12 21:15:09,0.945s,PASSED
"click(findTestObject(""Object Repository/Create Account/Page_Register Now  Kotakoki/input_Only fill in if you are not human_um-_fc91b5""))",Chrome 103.0.5060.114,,,2022-07-12 21:15:09,2022-07-12 21:15:11,2.120s,PASSED
"if (verifyElementPresent(findTestObject(""Object Repository/Create Account/Page_Register Now  Kotakoki/td_UsernameThe username you entered is inco_fe26ce""), 5, CONTINUE_ON_FAILURE))",Chrome 103.0.5060.114,,,2022-07-12 21:15:11,2022-07-12 21:15:16,5.594s,PASSED
"click(findTestObject(""Object Repository/Create Account/Page_Register Now  Kotakoki/input_Only fill in if you are not human_um-_fc91b5""))",Chrome 103.0.5060.114,,,2022-07-12 21:15:16,2022-07-12 21:15:18,1.706s,PASSED
,,,,,,,
Test Cases/For Test Suites/005 - Logout,Chrome 103.0.5060.114,,,2022-07-12 21:15:22,2022-07-12 21:15:22,0.315s,FAILED
"click(findTestObject(""Object Repository/Logout/Page_1randacc6  Kotakoki/a_Log out""))",Chrome 103.0.5060.114,,,2022-07-12 21:15:22,2022-07-12 21:15:22,0.292s,FAILED
