Suite/Test/Step Name,Browser,Description,Tag,Start time,End time,Duration,Status
001 -- Create Account - Logout,Chrome 103.0.5060.114,,,2022-07-12 18:38:21,2022-07-12 18:43:35,5m - 14.727s,FAILED
,,,,,,,
Test Cases/For Test Suites/006 - Open Browser,Chrome 103.0.5060.114,,,2022-07-12 18:38:21,2022-07-12 18:38:51,29.963s,PASSED
"openBrowser("""")",Chrome 103.0.5060.114,,,2022-07-12 18:38:21,2022-07-12 18:38:24,2.728s,PASSED
"navigateToUrl(""https://kotakoki.wijaysali.my.id/"")",Chrome 103.0.5060.114,,,2022-07-12 18:38:24,2022-07-12 18:38:31,6.938s,PASSED
"click(findTestObject(""Object Repository/Create Account/Page_Kotakoki  Welcome to my Website/span_Register Now""))",Chrome 103.0.5060.114,,,2022-07-12 18:38:31,2022-07-12 18:38:33,1.794s,PASSED
"setText(findTestObject(""Object Repository/Create Account/Page_Register Now  Kotakoki/input_Username_user_login-297""), ""jampirojam"")",Chrome 103.0.5060.114,,,2022-07-12 18:38:33,2022-07-12 18:38:34,0.984s,PASSED
"setText(findTestObject(""Object Repository/Create Account/Page_Register Now  Kotakoki/input_E-mail Address_user_email-297""), ""jampirojam@ojam.id"")",Chrome 103.0.5060.114,,,2022-07-12 18:38:34,2022-07-12 18:38:35,0.855s,PASSED
"setText(findTestObject(""Object Repository/Create Account/Page_Register Now  Kotakoki/input_Phone Number_phone_number-297""), ""08987654321"")",Chrome 103.0.5060.114,,,2022-07-12 18:38:35,2022-07-12 18:38:36,0.817s,PASSED
"setEncryptedText(findTestObject(""Object Repository/Create Account/Page_Register Now  Kotakoki/input_Password_user_password-297""), ""6EN5vQ+d8o9WHzALFComCw=="")",Chrome 103.0.5060.114,,,2022-07-12 18:38:36,2022-07-12 18:38:36,0.666s,PASSED
"setEncryptedText(findTestObject(""Object Repository/Create Account/Page_Register Now  Kotakoki/input_Confirm Password_confirm_user_password-297""), ""6EN5vQ+d8o9WHzALFComCw=="")",Chrome 103.0.5060.114,,,2022-07-12 18:38:36,2022-07-12 18:38:37,0.597s,PASSED
"setText(findTestObject(""Object Repository/Create Account/Page_Register Now  Kotakoki/input_Address_Relative_adress-297""), ""Katalona 45, Groovy"")",Chrome 103.0.5060.114,,,2022-07-12 18:38:37,2022-07-12 18:38:38,0.925s,PASSED
"click(findTestObject(""Object Repository/Create Account/Page_Register Now  Kotakoki/input_Only fill in if you are not human_um-_fc91b5""))",Chrome 103.0.5060.114,,,2022-07-12 18:38:38,2022-07-12 18:38:41,3.164s,PASSED
"if (verifyElementPresent(findTestObject(""Object Repository/Create Account/Page_Register Now  Kotakoki/td_UsernameThe username you entered is inco_fe26ce""), 5, CONTINUE_ON_FAILURE))",Chrome 103.0.5060.114,,,2022-07-12 18:38:41,2022-07-12 18:38:47,5.876s,PASSED
"click(findTestObject(""Object Repository/Create Account/Page_Register Now  Kotakoki/input_Only fill in if you are not human_um-_fc91b5""))",Chrome 103.0.5060.114,,,2022-07-12 18:38:47,2022-07-12 18:38:51,4.198s,PASSED
,,,,,,,
Test Cases/For Test Suites/001 - Create Account,Chrome 103.0.5060.114,,,2022-07-12 18:42:16,2022-07-12 18:43:26,1m - 10.043s,FAILED
"click(findTestObject(""Object Repository/Create Account/Page_Kotakoki  Welcome to my Website/span_Register Now""))",Chrome 103.0.5060.114,,,2022-07-12 18:42:16,2022-07-12 18:42:52,36.071s,PASSED
"setText(findTestObject(""Object Repository/Create Account/Page_Register Now  Kotakoki/input_Username_user_login-297""), ""jampirojam"")",Chrome 103.0.5060.114,,,2022-07-12 18:42:52,2022-07-12 18:43:26,33.934s,FAILED
,,,,,,,
Test Cases/For Test Suites/005 - Logout,Chrome 103.0.5060.114,,,2022-07-12 18:43:26,2022-07-12 18:43:33,7.305s,PASSED
"click(findTestObject(""Object Repository/Logout/Page_1randacc6  Kotakoki/a_Log out""))",Chrome 103.0.5060.114,,,2022-07-12 18:43:27,2022-07-12 18:43:31,3.422s,PASSED
"click(findTestObject(""Object Repository/Logout/Page_1randacc6  Kotakoki/a_Logout""))",Chrome 103.0.5060.114,,,2022-07-12 18:43:31,2022-07-12 18:43:33,2.994s,PASSED
,,,,,,,
Test Cases/For Test Suites/007 - Close Browser,Chrome 103.0.5060.114,,,2022-07-12 18:43:34,2022-07-12 18:43:35,1.918s,PASSED
closeBrowser(),Chrome 103.0.5060.114,,,2022-07-12 18:43:34,2022-07-12 18:43:35,0.973s,PASSED
